bug,failingTests
Chart-6,"org.jfree.chart.util.junit.ShapeListTests::testSerialization, org.jfree.chart.util.junit.ShapeListTests::testEquals"
Chart-10,org.jfree.chart.imagemap.junit.StandardToolTipTagFragmentGeneratorTests::testGenerateURLFragment
Chart-9,org.jfree.data.time.junit.TimeSeriesTests::testBug1864222
Chart-8,org.jfree.data.time.junit.WeekTests::testConstructor
Chart-7,org.jfree.data.time.junit.TimePeriodValuesTests::testGetMaxMiddleIndex
Chart-5,org.jfree.data.xy.junit.XYSeriesTests::testBug1955483
Chart-3,org.jfree.data.time.junit.TimeSeriesTests::testCreateCopy3
Chart-4,"org.jfree.chart.axis.junit.LogAxisTests::testXYAutoRange1, org.jfree.chart.axis.junit.LogAxisTests::testXYAutoRange2, org.jfree.chart.axis.junit.NumberAxisTests::testXYAutoRange1, org.jfree.chart.axis.junit.NumberAxisTests::testXYAutoRange2, org.jfree.chart.axis.junit.ValueAxisTests::testAxisMargins, org.jfree.chart.junit.JFreeChartTests::testSerialization4, org.jfree.chart.junit.ScatterPlotTests::testDrawWithNullInfo, org.jfree.chart.junit.ScatterPlotTests::testSetSeriesToolTipGenerator, org.jfree.chart.junit.ScatterPlotTests::testReplaceDataset, org.jfree.chart.junit.TimeSeriesChartTests::testDrawWithNullInfo, org.jfree.chart.junit.TimeSeriesChartTests::testSetSeriesToolTipGenerator, org.jfree.chart.junit.TimeSeriesChartTests::testReplaceDataset, org.jfree.chart.junit.XYAreaChartTests::testDrawWithNullInfo, org.jfree.chart.junit.XYAreaChartTests::testSetSeriesToolTipGenerator, org.jfree.chart.junit.XYAreaChartTests::testReplaceDataset, org.jfree.chart.junit.XYStepAreaChartTests::testDrawWithNullInfo, org.jfree.chart.junit.XYStepAreaChartTests::testSetSeriesToolTipGenerator, org.jfree.chart.junit.XYStepAreaChartTests::testReplaceDataset, org.jfree.chart.junit.XYStepChartTests::testDrawWithNullInfo, org.jfree.chart.junit.XYStepChartTests::testSetSeriesToolTipGenerator, org.jfree.chart.junit.XYStepChartTests::testReplaceDataset, org.jfree.chart.plot.junit.XYPlotTests::testDrawRangeGridlines"
Chart-2,"org.jfree.data.general.junit.DatasetUtilitiesTests::testBug2849731_2, org.jfree.data.general.junit.DatasetUtilitiesTests::testBug2849731_3"
Chart-1,org.jfree.chart.renderer.category.junit.AbstractCategoryItemRendererTests::test2947660
Chart-12,org.jfree.chart.plot.junit.MultiplePiePlotTests::testConstructor
Chart-11,org.jfree.chart.util.junit.ShapeUtilitiesTests::testEqualGeneralPaths
Chart-13,org.jfree.chart.block.junit.BorderArrangementTests::testSizingWithWidthConstraint
Chart-18,"org.jfree.data.category.junit.DefaultCategoryDatasetTests::testBug1835955, org.jfree.data.junit.DefaultKeyedValues2DTests::testRemoveColumnByKey, org.jfree.data.junit.DefaultKeyedValuesTests::testRemoveValue, org.jfree.data.junit.DefaultKeyedValuesTests::testGetIndex2"
Chart-14,"org.jfree.chart.plot.junit.CategoryPlotTests::testRemoveRangeMarker, org.jfree.chart.plot.junit.CategoryPlotTests::testRemoveDomainMarker, org.jfree.chart.plot.junit.XYPlotTests::testRemoveRangeMarker, org.jfree.chart.plot.junit.XYPlotTests::testRemoveDomainMarker"
Chart-21,org.jfree.data.statistics.junit.DefaultBoxAndWhiskerCategoryDatasetTests::testGetRangeBounds
Chart-15,org.jfree.chart.plot.junit.PiePlot3DTests::testDrawWithNullDataset
Chart-16,"org.jfree.data.category.junit.DefaultIntervalCategoryDatasetTests::testGetCategoryIndex, org.jfree.data.category.junit.DefaultIntervalCategoryDatasetTests::testSetCategoryKeys, org.jfree.data.category.junit.DefaultIntervalCategoryDatasetTests::testGetSeriesIndex, org.jfree.data.category.junit.DefaultIntervalCategoryDatasetTests::testGetRowCount, org.jfree.data.category.junit.DefaultIntervalCategoryDatasetTests::testGetRowIndex, org.jfree.data.category.junit.DefaultIntervalCategoryDatasetTests::testGetColumnCount, org.jfree.data.category.junit.DefaultIntervalCategoryDatasetTests::testGetColumnIndex, org.jfree.data.category.junit.DefaultIntervalCategoryDatasetTests::testCloning2"
Chart-17,org.jfree.data.time.junit.TimeSeriesTests::testBug1832432
Chart-20,org.jfree.chart.plot.junit.ValueMarkerTests::test1808376
Chart-19,"org.jfree.chart.plot.junit.CategoryPlotTests::testGetRangeAxisIndex, org.jfree.chart.plot.junit.CategoryPlotTests::testGetDomainAxisIndex"
Chart-22,"org.jfree.data.junit.KeyedObjects2DTests::testRemoveColumnByKey, org.jfree.data.junit.KeyedObjects2DTests::testRemoveValue, org.jfree.data.junit.KeyedObjects2DTests::testGetValueByKey, org.jfree.data.junit.KeyedObjects2DTests::testRemoveColumnByIndex, org.jfree.data.junit.KeyedObjects2DTests::testSetObject, org.jfree.data.junit.KeyedObjects2DTests::testRemoveRowByKey"
Chart-26,"org.jfree.chart.junit.AreaChartTests::testDrawWithNullInfo, org.jfree.chart.junit.BarChart3DTests::testDrawWithNullInfo, org.jfree.chart.junit.BarChartTests::testDrawWithNullInfo, org.jfree.chart.junit.GanttChartTests::testDrawWithNullInfo, org.jfree.chart.junit.GanttChartTests::testDrawWithNullInfo2, org.jfree.chart.junit.LineChart3DTests::testDrawWithNullInfo, org.jfree.chart.junit.LineChartTests::testDrawWithNullInfo, org.jfree.chart.junit.StackedAreaChartTests::testDrawWithNullInfo, org.jfree.chart.junit.StackedBarChart3DTests::testDrawWithNullInfo, org.jfree.chart.junit.StackedBarChartTests::testDrawWithNullInfo, org.jfree.chart.junit.WaterfallChartTests::testDrawWithNullInfo, org.jfree.chart.plot.junit.CategoryPlotTests::test1654215, org.jfree.chart.plot.junit.CategoryPlotTests::testSerialization3, org.jfree.chart.plot.junit.CategoryPlotTests::testSerialization4, org.jfree.chart.renderer.category.junit.BoxAndWhiskerRendererTests::testDrawWithNullInfo, org.jfree.chart.renderer.category.junit.GroupedStackedBarRendererTests::testDrawWithNullInfo, org.jfree.chart.renderer.category.junit.IntervalBarRendererTests::testDrawWithNullInfo, org.jfree.chart.renderer.category.junit.LayeredBarRendererTests::testDrawWithNullInfo, org.jfree.chart.renderer.category.junit.LevelRendererTests::testDrawWithNullInfo, org.jfree.chart.renderer.category.junit.MinMaxCategoryRendererTests::testDrawWithNullInfo, org.jfree.chart.renderer.category.junit.StatisticalBarRendererTests::testDrawWithNullInfo, org.jfree.chart.renderer.category.junit.StatisticalLineAndShapeRendererTests::testDrawWithNullInfo"
Chart-25,"org.jfree.chart.renderer.category.junit.StatisticalBarRendererTests::testDrawWithNullMeanVertical, org.jfree.chart.renderer.category.junit.StatisticalBarRendererTests::testDrawWithNullDeviationVertical, org.jfree.chart.renderer.category.junit.StatisticalBarRendererTests::testDrawWithNullMeanHorizontal, org.jfree.chart.renderer.category.junit.StatisticalBarRendererTests::testDrawWithNullDeviationHorizontal"
Chart-23,org.jfree.chart.renderer.category.junit.MinMaxCategoryRendererTests::testEquals
Chart-24,org.jfree.chart.renderer.junit.GrayPaintScaleTests::testGetPaint
Closure-3,"com.google.javascript.jscomp.FlowSensitiveInlineVariablesTest::testDoNotInlineCatchExpression1a, com.google.javascript.jscomp.FlowSensitiveInlineVariablesTest::testDoNotInlineCatchExpression1, com.google.javascript.jscomp.FlowSensitiveInlineVariablesTest::testDoNotInlineCatchExpression3"
Closure-7,"com.google.javascript.jscomp.ClosureReverseAbstractInterpreterTest::testGoogIsFunction2, com.google.javascript.jscomp.SemanticReverseAbstractInterpreterTest::testTypeof3"
Closure-5,com.google.javascript.jscomp.InlineObjectLiteralsTest::testNoInlineDeletedProperties
Closure-6,"com.google.javascript.jscomp.LooseTypeCheckTest::testTypeRedefinition, com.google.javascript.jscomp.TypeCheckTest::testIssue635b, com.google.javascript.jscomp.TypeCheckTest::testTypeRedefinition"
Closure-2,com.google.javascript.jscomp.TypeCheckTest::testBadInterfaceExtendsNonExistentInterfaces
Closure-1,"com.google.javascript.jscomp.CommandLineRunnerTest::testSimpleModeLeavesUnusedParams, com.google.javascript.jscomp.CommandLineRunnerTest::testForwardDeclareDroppedTypes, com.google.javascript.jscomp.CommandLineRunnerTest::testDebugFlag1, com.google.javascript.jscomp.IntegrationTest::testIssue787, com.google.javascript.jscomp.RemoveUnusedVarsTest::testRemoveGlobal1, com.google.javascript.jscomp.RemoveUnusedVarsTest::testRemoveGlobal2, com.google.javascript.jscomp.RemoveUnusedVarsTest::testRemoveGlobal3, com.google.javascript.jscomp.RemoveUnusedVarsTest::testIssue168b"
Closure-4,"com.google.javascript.jscomp.TypeCheckTest::testImplementsExtendsLoop, com.google.javascript.jscomp.TypeCheckTest::testImplementsLoop, com.google.javascript.jscomp.TypeCheckTest::testConversionFromInterfaceToRecursiveConstructor"
Closure-8,com.google.javascript.jscomp.CollapseVariableDeclarationsTest::testIssue820
Closure-9,com.google.javascript.jscomp.ProcessCommonJSModulesTest::testGuessModuleName
Closure-11,"com.google.javascript.jscomp.TypeCheckTest::testGetprop4, com.google.javascript.jscomp.TypeCheckTest::testIssue810"
Closure-12,com.google.javascript.jscomp.FlowSensitiveInlineVariablesTest::testIssue794b
Closure-10,com.google.javascript.jscomp.PeepholeFoldConstantsTest::testIssue821
Closure-14,"com.google.javascript.jscomp.CheckMissingReturnTest::testIssue779, com.google.javascript.jscomp.ControlFlowAnalysisTest::testDeepNestedFinally, com.google.javascript.jscomp.ControlFlowAnalysisTest::testDeepNestedBreakwithFinally"
Closure-17,com.google.javascript.jscomp.TypeCheckTest::testIssue688
Closure-13,com.google.javascript.jscomp.IntegrationTest::testIssue787
Closure-21,com.google.javascript.jscomp.CheckSideEffectsTest::testUselessCode
Closure-15,com.google.javascript.jscomp.FlowSensitiveInlineVariablesTest::testSimpleForIn
Closure-16,"com.google.javascript.jscomp.IntegrationTest::testIssue772, com.google.javascript.jscomp.ScopedAliasesTest::testIssue772"
Closure-18,com.google.javascript.jscomp.IntegrationTest::testDependencySorting
Closure-20,com.google.javascript.jscomp.PeepholeSubstituteAlternateSyntaxTest::testSimpleFunctionCall
Closure-19,com.google.javascript.jscomp.TypeInferenceTest::testNoThisInference
Closure-23,com.google.javascript.jscomp.PeepholeFoldConstantsTest::testFoldGetElem
Closure-24,com.google.javascript.jscomp.ScopedAliasesTest::testNonAliasLocal
Closure-22,com.google.javascript.jscomp.CheckSideEffectsTest::testUselessCode
Closure-26,"com.google.javascript.jscomp.CommandLineRunnerTest::testTransformAMDAndProcessCJS, com.google.javascript.jscomp.CommandLineRunnerTest::testProcessCJS, com.google.javascript.jscomp.ProcessCommonJSModulesTest::testExports, com.google.javascript.jscomp.ProcessCommonJSModulesTest::testModuleName, com.google.javascript.jscomp.ProcessCommonJSModulesTest::testDash, com.google.javascript.jscomp.ProcessCommonJSModulesTest::testVarRenaming, com.google.javascript.jscomp.ProcessCommonJSModulesTest::testWithoutExports"
Closure-25,com.google.javascript.jscomp.TypeInferenceTest::testBackwardsInferenceNew
Closure-27,"com.google.javascript.rhino.IRTest::testIssue727_1, com.google.javascript.rhino.IRTest::testIssue727_2, com.google.javascript.rhino.IRTest::testIssue727_3"
Closure-29,"com.google.javascript.jscomp.InlineObjectLiteralsTest::testObject10, com.google.javascript.jscomp.InlineObjectLiteralsTest::testObject12, com.google.javascript.jscomp.InlineObjectLiteralsTest::testObject22, com.google.javascript.jscomp.InlineObjectLiteralsTest::testIssue724, com.google.javascript.jscomp.IntegrationTest::testIssue724"
Closure-30,"com.google.javascript.jscomp.FlowSensitiveInlineVariablesTest::testInlineAcrossSideEffect1, com.google.javascript.jscomp.FlowSensitiveInlineVariablesTest::testCanInlineAcrossNoSideEffect, com.google.javascript.jscomp.FlowSensitiveInlineVariablesTest::testIssue698"
Closure-31,com.google.javascript.jscomp.CommandLineRunnerTest::testDependencySortingWhitespaceMode
Closure-32,"com.google.javascript.jscomp.IntegrationTest::testIssue701, com.google.javascript.jscomp.parsing.JsDocInfoParserTest::testParseLicense, com.google.javascript.jscomp.parsing.JsDocInfoParserTest::testParsePreserve, com.google.javascript.jscomp.parsing.JsDocInfoParserTest::testParseLicenseAscii"
Closure-33,com.google.javascript.jscomp.TypeCheckTest::testIssue700
Closure-28,"com.google.javascript.jscomp.InlineCostEstimatorTest::testCost, com.google.javascript.jscomp.InlineFunctionsTest::testIssue728"
Closure-34,com.google.javascript.jscomp.CodePrinterTest::testManyAdds
Closure-35,com.google.javascript.jscomp.TypeCheckTest::testIssue669
Closure-37,com.google.javascript.jscomp.IntegrationTest::testIncompleteFunction
Closure-36,com.google.javascript.jscomp.IntegrationTest::testSingletonGetter1
Closure-39,"com.google.javascript.rhino.jstype.RecordTypeTest::testRecursiveRecord, com.google.javascript.rhino.jstype.RecordTypeTest::testLongToString"
Closure-45,com.google.javascript.jscomp.RemoveUnusedVarsTest::testIssue618_1
Closure-38,com.google.javascript.jscomp.CodePrinterTest::testMinusNegativeZero
Closure-40,"com.google.javascript.jscomp.IntegrationTest::testIssue284, com.google.javascript.jscomp.NameAnalyzerTest::testIssue284"
Closure-42,com.google.javascript.jscomp.parsing.ParserTest::testForEach
Closure-41,"com.google.javascript.jscomp.LooseTypeCheckTest::testMethodInference6, com.google.javascript.jscomp.TypeCheckTest::testIssue368, com.google.javascript.jscomp.TypeCheckTest::testMethodInference6"
Closure-44,com.google.javascript.jscomp.CodePrinterTest::testIssue620
Closure-43,"com.google.javascript.jscomp.TypeCheckTest::testLends10, com.google.javascript.jscomp.TypeCheckTest::testLends11"
Closure-46,"com.google.javascript.rhino.jstype.JSTypeTest::testRecordTypeLeastSuperType2, com.google.javascript.rhino.jstype.JSTypeTest::testRecordTypeLeastSuperType3, com.google.javascript.rhino.jstype.RecordTypeTest::testSupAndInf"
Closure-47,"com.google.debugging.sourcemap.SourceMapGeneratorV3Test::testParseSourceMetaMap, com.google.debugging.sourcemap.SourceMapGeneratorV3Test::testGoldenOutput0a, com.google.debugging.sourcemap.SourceMapGeneratorV3Test::testMultilineMapping, com.google.debugging.sourcemap.SourceMapGeneratorV3Test::testMultiFunctionMapping, com.google.debugging.sourcemap.SourceMapGeneratorV3Test::testLiteralMappingsGoldenOutput, com.google.debugging.sourcemap.SourceMapGeneratorV3Test::testMultilineMapping2, com.google.debugging.sourcemap.SourceMapGeneratorV3Test::testBasicMappingGoldenOutput, com.google.debugging.sourcemap.SourceMapGeneratorV3Test::testSourceMapMerging, com.google.debugging.sourcemap.SourceMapGeneratorV3Test::testLiteralMappings, com.google.debugging.sourcemap.SourceMapGeneratorV3Test::testBasicMapping1, com.google.debugging.sourcemap.SourceMapGeneratorV3Test::testBasicMapping2, com.google.debugging.sourcemap.SourceMapGeneratorV3Test::testGoldenOutput1, com.google.debugging.sourcemap.SourceMapGeneratorV3Test::testGoldenOutput2, com.google.debugging.sourcemap.SourceMapGeneratorV3Test::testGoldenOutput3, com.google.debugging.sourcemap.SourceMapGeneratorV3Test::testGoldenOutput4, com.google.debugging.sourcemap.SourceMapGeneratorV3Test::testGoldenOutput5"
Closure-48,com.google.javascript.jscomp.TypeCheckTest::testIssue586
Closure-49,"com.google.javascript.jscomp.FunctionInjectorTest::testInline19b, com.google.javascript.jscomp.FunctionInjectorTest::testInlineIntoLoop, com.google.javascript.jscomp.FunctionInjectorTest::testInline13, com.google.javascript.jscomp.FunctionInjectorTest::testInline14, com.google.javascript.jscomp.FunctionInjectorTest::testInline15, com.google.javascript.jscomp.FunctionInjectorTest::testInline16, com.google.javascript.jscomp.FunctionInjectorTest::testInline17, com.google.javascript.jscomp.FunctionInjectorTest::testInline18, com.google.javascript.jscomp.FunctionInjectorTest::testInline19, com.google.javascript.jscomp.FunctionInjectorTest::testBug1897706, com.google.javascript.jscomp.FunctionInjectorTest::testInlineFunctionWithInnerFunction5, com.google.javascript.jscomp.FunctionToBlockMutatorTest::testMutateWithParameters3, com.google.javascript.jscomp.FunctionToBlockMutatorTest::testMutateCallInLoopVars1, com.google.javascript.jscomp.FunctionToBlockMutatorTest::testMutateInitializeUninitializedVars1, com.google.javascript.jscomp.FunctionToBlockMutatorTest::testMutateInitializeUninitializedVars2, com.google.javascript.jscomp.FunctionToBlockMutatorTest::testMutateFunctionDefinition, com.google.javascript.jscomp.FunctionToBlockMutatorTest::testMutate8, com.google.javascript.jscomp.InlineFunctionsTest::testLoopWithFunctionWithFunction, com.google.javascript.jscomp.InlineFunctionsTest::testShadowVariables16, com.google.javascript.jscomp.InlineFunctionsTest::testShadowVariables18, com.google.javascript.jscomp.InlineFunctionsTest::testCostBasedInlining11, com.google.javascript.jscomp.InlineFunctionsTest::testMixedModeInliningCosting3, com.google.javascript.jscomp.InlineFunctionsTest::testInlineNeverMutateConstants, com.google.javascript.jscomp.InlineFunctionsTest::testInlineWithThis7, com.google.javascript.jscomp.InlineFunctionsTest::testAnonymous1, com.google.javascript.jscomp.InlineFunctionsTest::testAnonymous3, com.google.javascript.jscomp.InlineFunctionsTest::testShadowVariables1, com.google.javascript.jscomp.InlineFunctionsTest::testShadowVariables3, com.google.javascript.jscomp.InlineFunctionsTest::testShadowVariables6, com.google.javascript.jscomp.InlineFunctionsTest::testShadowVariables7, com.google.javascript.jscomp.InlineFunctionsTest::testFunctionExpressionCallInlining11b, com.google.javascript.jscomp.InlineFunctionsTest::testComplexInlineNoResultNoParamCall3, com.google.javascript.jscomp.InlineFunctionsTest::testCostBasedInlining9, com.google.javascript.jscomp.InlineFunctionsTest::testMethodWithFunctionWithFunction, com.google.javascript.jscomp.InlineFunctionsTest::testFunctionExpressionYCombinator, com.google.javascript.jscomp.InlineFunctionsTest::testComplexInlineVars7, com.google.javascript.jscomp.InlineFunctionsTest::testComplexFunctionWithFunctionDefinition2a, com.google.javascript.jscomp.InlineFunctionsTest::testComplexInline7, com.google.javascript.jscomp.InlineFunctionsTest::testFunctionExpressionOmega, com.google.javascript.jscomp.InlineFunctionsTest::testInlineFunctions15b, com.google.javascript.jscomp.InlineFunctionsTest::testInlineFunctions15d, com.google.javascript.jscomp.InlineFunctionsTest::testInlineFunctions16a, com.google.javascript.jscomp.InlineFunctionsTest::testBug4944818, com.google.javascript.jscomp.InlineFunctionsTest::testComplexSample, com.google.javascript.jscomp.InlineFunctionsTest::testNoInlineIfParametersModified1, com.google.javascript.jscomp.InlineFunctionsTest::testNoInlineIfParametersModified2, com.google.javascript.jscomp.InlineFunctionsTest::testNoInlineIfParametersModified3, com.google.javascript.jscomp.InlineFunctionsTest::testNoInlineIfParametersModified4, com.google.javascript.jscomp.InlineFunctionsTest::testNoInlineIfParametersModified5, com.google.javascript.jscomp.InlineFunctionsTest::testNoInlineIfParametersModified6, com.google.javascript.jscomp.InlineFunctionsTest::testNoInlineIfParametersModified7, com.google.javascript.jscomp.InlineFunctionsTest::testIssue423, com.google.javascript.jscomp.InlineFunctionsTest::testComplexFunctionWithFunctionDefinition2, com.google.javascript.jscomp.InlineFunctionsTest::testComplexFunctionWithFunctionDefinition3, com.google.javascript.jscomp.InlineFunctionsTest::testDecomposeFunctionExpressionInCall, com.google.javascript.jscomp.InlineFunctionsTest::testInlineNeverOverrideNewValues, com.google.javascript.jscomp.InlineFunctionsTest::testInlineBlockMutableArgs1, com.google.javascript.jscomp.InlineFunctionsTest::testInlineBlockMutableArgs2, com.google.javascript.jscomp.InlineFunctionsTest::testInlineBlockMutableArgs3, com.google.javascript.jscomp.InlineFunctionsTest::testInlineBlockMutableArgs4, com.google.javascript.jscomp.InlineFunctionsTest::testInlineFunctions10, com.google.javascript.jscomp.InlineFunctionsTest::testInlineFunctions13, com.google.javascript.jscomp.InlineFunctionsTest::testInlineFunctions22, com.google.javascript.jscomp.InlineFunctionsTest::testInlineFunctions23, com.google.javascript.jscomp.InlineFunctionsTest::testInlineFunctions9, com.google.javascript.jscomp.MakeDeclaredNamesUniqueTest::testMakeLocalNamesUniqueWithContext5"
Closure-50,"com.google.javascript.jscomp.PeepholeReplaceKnownMethodsTest::testStringJoinAdd, com.google.javascript.jscomp.PeepholeReplaceKnownMethodsTest::testNoStringJoin"
Closure-53,com.google.javascript.jscomp.InlineObjectLiteralsTest::testBug545
Closure-51,com.google.javascript.jscomp.CodePrinterTest::testIssue582
Closure-52,com.google.javascript.jscomp.CodePrinterTest::testNumericKeys
Closure-59,com.google.javascript.jscomp.CommandLineRunnerTest::testCheckGlobalThisOff
Closure-55,com.google.javascript.jscomp.FunctionRewriterTest::testIssue538
Closure-54,"com.google.javascript.jscomp.TypeCheckTest::testIssue537a, com.google.javascript.jscomp.TypeCheckTest::testIssue537b, com.google.javascript.jscomp.TypedScopeCreatorTest::testPropertyOnUnknownSuperClass2"
Closure-56,"com.google.javascript.jscomp.JSCompilerSourceExcerptProviderTest::testExceptNoNewLine, com.google.javascript.jscomp.JsMessageExtractorTest::testSyntaxError1, com.google.javascript.jscomp.JsMessageExtractorTest::testSyntaxError2"
Closure-58,com.google.javascript.jscomp.LiveVariableAnalysisTest::testExpressionInForIn
Closure-57,com.google.javascript.jscomp.ClosureCodingConventionTest::testRequire
Closure-62,"com.google.javascript.jscomp.LightweightMessageFormatterTest::testFormatErrorSpaceEndOfLine1, com.google.javascript.jscomp.LightweightMessageFormatterTest::testFormatErrorSpaceEndOfLine2"
Closure-60,"com.google.javascript.jscomp.CommandLineRunnerTest::testIssue504, com.google.javascript.jscomp.NodeUtilTest::testGetBooleanValue"
Closure-63,"com.google.javascript.jscomp.LightweightMessageFormatterTest::testFormatErrorSpaceEndOfLine1, com.google.javascript.jscomp.LightweightMessageFormatterTest::testFormatErrorSpaceEndOfLine2"
Closure-61,"com.google.javascript.jscomp.PeepholeRemoveDeadCodeTest::testCall1, com.google.javascript.jscomp.PeepholeRemoveDeadCodeTest::testCall2, com.google.javascript.jscomp.PeepholeRemoveDeadCodeTest::testRemoveUselessOps"
Closure-64,com.google.javascript.jscomp.CommandLineRunnerTest::testES5StrictUseStrictMultipleInputs
Closure-65,com.google.javascript.jscomp.CodePrinterTest::testZero
Closure-66,"com.google.javascript.jscomp.TypeCheckTest::testGetTypedPercent5, com.google.javascript.jscomp.TypeCheckTest::testGetTypedPercent6"
Closure-73,com.google.javascript.jscomp.CodePrinterTest::testUnicode
Closure-67,com.google.javascript.jscomp.RemoveUnusedPrototypePropertiesTest::testAliasing7
Closure-74,"com.google.javascript.jscomp.PeepholeFoldConstantsTest::testFoldComparison3, com.google.javascript.jscomp.PeepholeFoldConstantsTest::testInvertibleOperators, com.google.javascript.jscomp.PeepholeFoldConstantsTest::testCommutativeOperators"
Closure-71,"com.google.javascript.jscomp.CheckAccessControlsTest::testNoPrivateAccessForProperties6, com.google.javascript.jscomp.CheckAccessControlsTest::testNoPrivateAccessForProperties8"
Closure-68,com.google.javascript.jscomp.parsing.JsDocInfoParserTest::testIssue477
Closure-69,"com.google.javascript.jscomp.TypeCheckTest::testThisTypeOfFunction2, com.google.javascript.jscomp.TypeCheckTest::testThisTypeOfFunction3, com.google.javascript.jscomp.TypeCheckTest::testThisTypeOfFunction4"
Closure-70,"com.google.javascript.jscomp.LooseTypeCheckTest::testDuplicateLocalVarDecl, com.google.javascript.jscomp.LooseTypeCheckTest::testFunctionArguments13, com.google.javascript.jscomp.TypeCheckTest::testScoping12, com.google.javascript.jscomp.TypeCheckTest::testDuplicateLocalVarDecl, com.google.javascript.jscomp.TypeCheckTest::testFunctionArguments13"
Closure-72,com.google.javascript.jscomp.InlineFunctionsTest::testInlineFunctions31
Closure-76,"com.google.javascript.jscomp.DeadAssignmentsEliminationTest::testInExpression2, com.google.javascript.jscomp.DeadAssignmentsEliminationTest::testIssue384b, com.google.javascript.jscomp.DeadAssignmentsEliminationTest::testIssue384c, com.google.javascript.jscomp.DeadAssignmentsEliminationTest::testIssue384d"
Closure-79,"com.google.javascript.jscomp.NormalizeTest::testIssue, com.google.javascript.jscomp.VarCheckTest::testPropReferenceInExterns1, com.google.javascript.jscomp.VarCheckTest::testPropReferenceInExterns3, com.google.javascript.jscomp.VarCheckTest::testVarReferenceInExterns, com.google.javascript.jscomp.VarCheckTest::testCallInExterns"
Closure-77,com.google.javascript.jscomp.CodePrinterTest::testZero
Closure-75,com.google.javascript.jscomp.PeepholeFoldConstantsTest::testIEString
Closure-78,com.google.javascript.jscomp.PeepholeFoldConstantsTest::testFoldArithmetic
Closure-83,com.google.javascript.jscomp.CommandLineRunnerTest::testVersionFlag2
Closure-80,"com.google.javascript.jscomp.NodeUtilTest::testIsBooleanResult, com.google.javascript.jscomp.NodeUtilTest::testLocalValue1"
Closure-81,com.google.javascript.jscomp.parsing.ParserTest::testUnnamedFunctionStatement
Closure-82,"com.google.javascript.jscomp.TypeCheckTest::testIssue301, com.google.javascript.rhino.jstype.FunctionTypeTest::testEmptyFunctionTypes"
Closure-85,"com.google.javascript.jscomp.UnreachableCodeEliminationTest::testCascadedRemovalOfUnlessUnconditonalJumps, com.google.javascript.jscomp.UnreachableCodeEliminationTest::testIssue311"
Closure-86,"com.google.javascript.jscomp.NodeUtilTest::testLocalValue1, com.google.javascript.jscomp.PureFunctionIdentifierTest::testLocalizedSideEffects8, com.google.javascript.jscomp.PureFunctionIdentifierTest::testLocalizedSideEffects9, com.google.javascript.jscomp.PureFunctionIdentifierTest::testAnnotationInExterns_new4, com.google.javascript.jscomp.PureFunctionIdentifierTest::testAnnotationInExterns_new6, com.google.javascript.jscomp.PureFunctionIdentifierTest::testIssue303b, com.google.javascript.jscomp.PureFunctionIdentifierTest::testIssue303"
Closure-84,com.google.javascript.jscomp.parsing.ParserTest::testDestructuringAssignForbidden4
Closure-89,"com.google.javascript.jscomp.CollapsePropertiesTest::testAddPropertyToChildOfUncollapsibleFunctionInLocalScope, com.google.javascript.jscomp.CollapsePropertiesTest::testAliasCreatedForFunctionDepth1_1, com.google.javascript.jscomp.CollapsePropertiesTest::testAliasCreatedForFunctionDepth1_2, com.google.javascript.jscomp.CollapsePropertiesTest::testAliasCreatedForFunctionDepth1_3, com.google.javascript.jscomp.CollapsePropertiesTest::testAddPropertyToUncollapsibleNamedCtorInLocalScopeDepth1, com.google.javascript.jscomp.CollapsePropertiesTest::testAddPropertyToUncollapsibleFunctionInLocalScopeDepth1, com.google.javascript.jscomp.CollapsePropertiesTest::testAddPropertyToUncollapsibleFunctionInLocalScopeDepth2, com.google.javascript.jscomp.CollapsePropertiesTest::testAliasCreatedForFunctionDepth2"
Closure-88,"com.google.javascript.jscomp.CommandLineRunnerTest::testIssue297, com.google.javascript.jscomp.DeadAssignmentsEliminationTest::testIssue297a, com.google.javascript.jscomp.DeadAssignmentsEliminationTest::testIssue297b, com.google.javascript.jscomp.DeadAssignmentsEliminationTest::testIssue297c, com.google.javascript.jscomp.DeadAssignmentsEliminationTest::testIssue297d, com.google.javascript.jscomp.DeadAssignmentsEliminationTest::testIssue297e, com.google.javascript.jscomp.DeadAssignmentsEliminationTest::testIssue297f"
Closure-87,com.google.javascript.jscomp.PeepholeSubstituteAlternateSyntaxTest::testIssue291
Closure-92,com.google.javascript.jscomp.ProcessClosurePrimitivesTest::testProvideInIndependentModules4
Closure-95,"com.google.javascript.jscomp.TypeCheckTest::testQualifiedNameInference5, com.google.javascript.jscomp.TypedScopeCreatorTest::testGlobalQualifiedNameInLocalScope"
Closure-90,"com.google.javascript.jscomp.TypeCheckTest::testBackwardsTypedefUse8, com.google.javascript.jscomp.TypeCheckTest::testBackwardsTypedefUse9"
Closure-94,"com.google.javascript.jscomp.NodeUtilTest::testValidDefine, com.google.javascript.jscomp.ProcessDefinesTest::testOverridingString1, com.google.javascript.jscomp.ProcessDefinesTest::testOverridingString3"
Closure-91,com.google.javascript.jscomp.CheckGlobalThisTest::testLendsAnnotation3
Closure-93,com.google.javascript.jscomp.ProcessClosurePrimitivesTest::testProvideInIndependentModules4
Closure-97,com.google.javascript.jscomp.PeepholeFoldConstantsTest::testFoldBitShifts
Closure-96,com.google.javascript.jscomp.TypeCheckTest::testFunctionArguments16
Closure-101,com.google.javascript.jscomp.CommandLineRunnerTest::testProcessClosurePrimitives
Closure-100,"com.google.javascript.jscomp.CheckGlobalThisTest::testStaticFunction6, com.google.javascript.jscomp.CheckGlobalThisTest::testStaticFunction7, com.google.javascript.jscomp.CheckGlobalThisTest::testStaticFunction8, com.google.javascript.jscomp.CheckGlobalThisTest::testGlobalThis7, com.google.javascript.jscomp.CheckGlobalThisTest::testStaticMethod2, com.google.javascript.jscomp.CheckGlobalThisTest::testStaticMethod3, com.google.javascript.jscomp.CheckGlobalThisTest::testInnerFunction1, com.google.javascript.jscomp.CheckGlobalThisTest::testInnerFunction2, com.google.javascript.jscomp.CheckGlobalThisTest::testInnerFunction3"
Closure-98,com.google.javascript.jscomp.InlineVariablesTest::testNoInlineAliasesInLoop
Closure-99,"com.google.javascript.jscomp.CheckGlobalThisTest::testPropertyOfMethod, com.google.javascript.jscomp.CheckGlobalThisTest::testMethod4, com.google.javascript.jscomp.CheckGlobalThisTest::testInterface1"
Closure-104,com.google.javascript.rhino.jstype.UnionTypeTest::testGreatestSubtypeUnionTypes5
Closure-105,com.google.javascript.jscomp.FoldConstantsTest::testStringJoinAdd
Closure-106,"com.google.javascript.jscomp.CheckSideEffectsTest::testJSDocComments, com.google.javascript.jscomp.CollapsePropertiesTest::testTwinReferenceCancelsChildCollapsing, com.google.javascript.jscomp.CollapsePropertiesTest::testCrashInNestedAssign, com.google.javascript.jscomp.CollapsePropertiesTest::testCrashInCommaOperator"
Closure-102,com.google.javascript.jscomp.CompilerRunnerTest::testIssue115
Closure-103,"com.google.javascript.jscomp.CheckUnreachableCodeTest::testInstanceOfThrowsException, com.google.javascript.jscomp.ControlFlowAnalysisTest::testInstanceOf, com.google.javascript.jscomp.DisambiguatePropertiesTest::testSupertypeReferenceOfSubtypeProperty"
Closure-107,com.google.javascript.jscomp.CommandLineRunnerTest::testGetMsgWiringNoWarnings
Closure-108,com.google.javascript.jscomp.ScopedAliasesTest::testIssue1144
Closure-109,"com.google.javascript.jscomp.parsing.JsDocInfoParserTest::testStructuralConstructor2, com.google.javascript.jscomp.parsing.JsDocInfoParserTest::testStructuralConstructor3"
Closure-117,com.google.javascript.jscomp.TypeCheckTest::testIssue1047
Closure-112,"com.google.javascript.jscomp.TypeCheckTest::testIssue1058, com.google.javascript.jscomp.TypeCheckTest::testTemplatized11"
Closure-114,com.google.javascript.jscomp.NameAnalyzerTest::testAssignWithCall
Closure-113,com.google.javascript.jscomp.VarCheckTest::testNoUndeclaredVarWhenUsingClosurePass
Closure-115,"com.google.javascript.jscomp.InlineFunctionsTest::testBug4944818, com.google.javascript.jscomp.InlineFunctionsTest::testDoubleInlining1, com.google.javascript.jscomp.InlineFunctionsTest::testNoInlineIfParametersModified8, com.google.javascript.jscomp.InlineFunctionsTest::testNoInlineIfParametersModified9, com.google.javascript.jscomp.InlineFunctionsTest::testInlineFunctions22, com.google.javascript.jscomp.InlineFunctionsTest::testInlineFunctions23, com.google.javascript.jscomp.InlineFunctionsTest::testInlineFunctions6"
Closure-116,"com.google.javascript.jscomp.FunctionInjectorTest::testIssue1101a, com.google.javascript.jscomp.FunctionInjectorTest::testIssue1101b, com.google.javascript.jscomp.InlineFunctionsTest::testBug4944818, com.google.javascript.jscomp.InlineFunctionsTest::testDoubleInlining2, com.google.javascript.jscomp.InlineFunctionsTest::testIssue1101, com.google.javascript.jscomp.InlineFunctionsTest::testInlineIfParametersModified8, com.google.javascript.jscomp.InlineFunctionsTest::testInlineIfParametersModified9, com.google.javascript.jscomp.InlineFunctionsTest::testInlineFunctions6"
Closure-111,com.google.javascript.jscomp.ClosureReverseAbstractInterpreterTest::testGoogIsArray2
Closure-110,"com.google.javascript.jscomp.ScopedAliasesTest::testHoistedFunctionDeclaration, com.google.javascript.jscomp.ScopedAliasesTest::testFunctionDeclaration"
Closure-118,"com.google.javascript.jscomp.DisambiguatePropertiesTest::testOneType4, com.google.javascript.jscomp.DisambiguatePropertiesTest::testTwoTypes4"
Closure-120,com.google.javascript.jscomp.InlineVariablesTest::testExternalIssue1053
Closure-119,com.google.javascript.jscomp.CheckGlobalNamesTest::testGlobalCatch
Closure-121,com.google.javascript.jscomp.InlineVariablesTest::testExternalIssue1053
Closure-123,com.google.javascript.jscomp.CodePrinterTest::testPrintInOperatorInForLoop
Closure-122,"com.google.javascript.jscomp.parsing.ParserTest::testSuspiciousBlockCommentWarning3, com.google.javascript.jscomp.parsing.ParserTest::testSuspiciousBlockCommentWarning4, com.google.javascript.jscomp.parsing.ParserTest::testSuspiciousBlockCommentWarning5"
Closure-126,"com.google.javascript.jscomp.MinimizeExitPointsTest::testDontRemoveBreakInTryFinally, com.google.javascript.jscomp.MinimizeExitPointsTest::testFunctionReturnOptimization"
Closure-124,com.google.javascript.jscomp.ExploitAssignsTest::testIssue1017
Closure-127,"com.google.javascript.jscomp.UnreachableCodeEliminationTest::testIssue4177428_return, com.google.javascript.jscomp.UnreachableCodeEliminationTest::testDontRemoveBreakInTryFinally, com.google.javascript.jscomp.UnreachableCodeEliminationTest::testIssue4177428_continue, com.google.javascript.jscomp.UnreachableCodeEliminationTest::testDontRemoveBreakInTryFinallySwitch, com.google.javascript.jscomp.UnreachableCodeEliminationTest::testIssue4177428a, com.google.javascript.jscomp.UnreachableCodeEliminationTest::testIssue4177428c"
Closure-125,com.google.javascript.jscomp.TypeCheckTest::testIssue1002
Closure-128,com.google.javascript.jscomp.CodePrinterTest::testIssue942
Lang-3,org.apache.commons.lang3.math.NumberUtilsTest::testStringCreateNumberEnsureNoPrecisionLoss
Lang-2,org.apache.commons.lang3.LocaleUtilsTest::testParseAllLocales
Lang-5,org.apache.commons.lang3.LocaleUtilsTest::testLang865
Closure-130,com.google.javascript.jscomp.CollapsePropertiesTest::testIssue931
Lang-4,org.apache.commons.lang3.text.translate.LookupTranslatorTest::testLang882
Closure-129,com.google.javascript.jscomp.IntegrationTest::testIssue937
Lang-1,org.apache.commons.lang3.math.NumberUtilsTest::TestLang747
Closure-132,com.google.javascript.jscomp.PeepholeSubstituteAlternateSyntaxTest::testIssue925
Lang-6,org.apache.commons.lang3.StringUtilsTest::testEscapeSurrogatePairs
Closure-133,com.google.javascript.jscomp.parsing.JsDocInfoParserTest::testTextExtents
Lang-7,org.apache.commons.lang3.math.NumberUtilsTest::testCreateNumber
Closure-131,"com.google.javascript.jscomp.ConvertToDottedPropertiesTest::testQuotedProps, com.google.javascript.jscomp.ConvertToDottedPropertiesTest::testDoNotConvert"
Lang-8,"org.apache.commons.lang3.time.FastDateFormat_PrinterTest::testCalendarTimezoneRespected, org.apache.commons.lang3.time.FastDatePrinterTest::testCalendarTimezoneRespected"
Lang-10,"org.apache.commons.lang3.time.FastDateFormat_ParserTest::testLANG_831, org.apache.commons.lang3.time.FastDateParserTest::testLANG_831"
Lang-11,org.apache.commons.lang3.RandomStringUtilsTest::testLANG807
Lang-9,"org.apache.commons.lang3.time.FastDateFormat_ParserTest::testLANG_832, org.apache.commons.lang3.time.FastDateParserTest::testLANG_832"
Lang-13,org.apache.commons.lang3.SerializationUtilsTest::testPrimitiveTypeClassSerialization
Lang-12,"org.apache.commons.lang3.RandomStringUtilsTest::testExceptions, org.apache.commons.lang3.RandomStringUtilsTest::testLANG805"
Lang-18,org.apache.commons.lang3.time.FastDateFormatTest::testFormat
Lang-17,org.apache.commons.lang3.StringEscapeUtilsTest::testLang720
Lang-14,org.apache.commons.lang3.StringUtilsEqualsIndexOfTest::testEquals
Lang-16,org.apache.commons.lang3.math.NumberUtilsTest::testCreateNumber
Lang-15,"org.apache.commons.lang3.reflect.TypeUtilsTest::testGetTypeArguments, org.apache.commons.lang3.reflect.TypeUtilsTest::testIsAssignable"
Lang-21,org.apache.commons.lang3.time.DateUtilsTest::testIsSameLocalTime_Cal
Lang-19,"org.apache.commons.lang3.text.translate.NumericEntityUnescaperTest::testUnfinishedEntity, org.apache.commons.lang3.text.translate.NumericEntityUnescaperTest::testOutOfBounds"
Lang-23,org.apache.commons.lang3.text.ExtendedMessageFormatTest::testEqualsHashcode
Lang-22,"org.apache.commons.lang3.math.FractionTest::testReducedFactory_int_int, org.apache.commons.lang3.math.FractionTest::testReduce"
Lang-20,"org.apache.commons.lang3.StringUtilsTest::testJoin_ArrayChar, org.apache.commons.lang3.StringUtilsTest::testJoin_Objectarray"
Lang-24,org.apache.commons.lang3.math.NumberUtilsTest::testIsNumber
Lang-26,org.apache.commons.lang3.time.FastDateFormatTest::testLang645
Lang-25,org.apache.commons.lang3.text.translate.EntityArraysTest::testISO8859_1_ESCAPE
Lang-29,org.apache.commons.lang3.SystemUtilsTest::testJavaVersionAsInt
Lang-30,"org.apache.commons.lang3.StringUtilsEqualsIndexOfTest::testContainsNone_CharArrayWithSupplementaryChars, org.apache.commons.lang3.StringUtilsEqualsIndexOfTest::testContainsNone_StringWithSupplementaryChars, org.apache.commons.lang3.StringUtilsEqualsIndexOfTest::testContainsAny_StringCharArrayWithBadSupplementaryChars, org.apache.commons.lang3.StringUtilsEqualsIndexOfTest::testIndexOfAnyBut_StringStringWithSupplementaryChars, org.apache.commons.lang3.StringUtilsEqualsIndexOfTest::testContainsAny_StringWithBadSupplementaryChars, org.apache.commons.lang3.StringUtilsEqualsIndexOfTest::testIndexOfAny_StringCharArrayWithSupplementaryChars, org.apache.commons.lang3.StringUtilsEqualsIndexOfTest::testIndexOfAnyBut_StringCharArrayWithSupplementaryChars, org.apache.commons.lang3.StringUtilsEqualsIndexOfTest::testContainsNone_StringWithBadSupplementaryChars, org.apache.commons.lang3.StringUtilsEqualsIndexOfTest::testIndexOfAny_StringStringWithSupplementaryChars, org.apache.commons.lang3.StringUtilsEqualsIndexOfTest::testContainsNone_CharArrayWithBadSupplementaryChars"
Lang-28,org.apache.commons.lang3.text.translate.NumericEntityUnescaperTest::testSupplementaryUnescaping
Lang-27,org.apache.commons.lang3.math.NumberUtilsTest::testCreateNumber
Lang-31,"org.apache.commons.lang3.StringUtilsEqualsIndexOfTest::testContainsAnyCharArrayWithSupplementaryChars, org.apache.commons.lang3.StringUtilsEqualsIndexOfTest::testContainsAnyStringWithSupplementaryChars"
Lang-32,org.apache.commons.lang3.builder.HashCodeBuilderTest::testReflectionObjectCycle
Lang-33,org.apache.commons.lang3.ClassUtilsTest::testToClass_object
Lang-34,"org.apache.commons.lang3.builder.ToStringBuilderTest::testObjectCycle, org.apache.commons.lang3.builder.ToStringBuilderTest::testReflectionHierarchy, org.apache.commons.lang3.builder.ToStringBuilderTest::testSelfInstanceTwoVarsReflectionObjectCycle, org.apache.commons.lang3.builder.ToStringBuilderTest::testReflectionArrayCycle, org.apache.commons.lang3.builder.ToStringBuilderTest::testReflectionLongArrayArray, org.apache.commons.lang3.builder.ToStringBuilderTest::testReflectionArrayArrayCycle, org.apache.commons.lang3.builder.ToStringBuilderTest::testReflectionFloatArray, org.apache.commons.lang3.builder.ToStringBuilderTest::testReflectionDoubleArrayArray, org.apache.commons.lang3.builder.ToStringBuilderTest::testReflectionBooleanArray, org.apache.commons.lang3.builder.ToStringBuilderTest::testReflectionyteArray, org.apache.commons.lang3.builder.ToStringBuilderTest::testReflectionDoubleArray, org.apache.commons.lang3.builder.ToStringBuilderTest::testReflectionIntArrayArray, org.apache.commons.lang3.builder.ToStringBuilderTest::testReflectionLongArray, org.apache.commons.lang3.builder.ToStringBuilderTest::testReflectionhortArrayArray, org.apache.commons.lang3.builder.ToStringBuilderTest::testReflectionObjectArray, org.apache.commons.lang3.builder.ToStringBuilderTest::testReflectionObjectCycle, org.apache.commons.lang3.builder.ToStringBuilderTest::testReflectionBooleanArrayArray, org.apache.commons.lang3.builder.ToStringBuilderTest::testSimpleReflectionObjectCycle, org.apache.commons.lang3.builder.ToStringBuilderTest::testReflectionByteArrayArray, org.apache.commons.lang3.builder.ToStringBuilderTest::testReflectionArrayCycleLevel2, org.apache.commons.lang3.builder.ToStringBuilderTest::testReflectionArrayAndObjectCycle, org.apache.commons.lang3.builder.ToStringBuilderTest::testReflectionCharArrayArray, org.apache.commons.lang3.builder.ToStringBuilderTest::testReflectionShortArray, org.apache.commons.lang3.builder.ToStringBuilderTest::testSelfInstanceVarReflectionObjectCycle, org.apache.commons.lang3.builder.ToStringBuilderTest::testReflectionIntArray, org.apache.commons.lang3.builder.ToStringBuilderTest::testReflectionCharArray, org.apache.commons.lang3.builder.ToStringBuilderTest::testReflectionFloatArrayArray"
Lang-37,org.apache.commons.lang3.ArrayUtilsAddTest::testJira567
Lang-35,org.apache.commons.lang3.ArrayUtilsAddTest::testLANG571
Lang-38,org.apache.commons.lang3.time.FastDateFormatTest::testLang538
Lang-42,org.apache.commons.lang.StringEscapeUtilsTest::testEscapeHtmlHighUnicode
Lang-43,org.apache.commons.lang.text.ExtendedMessageFormatTest::testEscapedQuote_LANG_477
Lang-36,"org.apache.commons.lang3.math.NumberUtilsTest::testCreateNumber, org.apache.commons.lang3.math.NumberUtilsTest::testIsNumber"
Lang-39,org.apache.commons.lang3.StringUtilsTest::testReplace_StringStringArrayStringArray
Lang-41,"org.apache.commons.lang.ClassUtilsTest::test_getShortClassName_Class, org.apache.commons.lang.ClassUtilsTest::test_getPackageName_Class"
Lang-40,org.apache.commons.lang.StringUtilsEqualsIndexOfTest::testContainsIgnoreCase_LocaleIndependence
Lang-44,org.apache.commons.lang.NumberUtilsTest::testLang457
Lang-45,org.apache.commons.lang.WordUtilsTest::testAbbreviate
Lang-47,"org.apache.commons.lang.text.StrBuilderTest::testLang412Left, org.apache.commons.lang.text.StrBuilderTest::testLang412Right"
Lang-48,org.apache.commons.lang.builder.EqualsBuilderTest::testBigDecimal
Lang-52,org.apache.commons.lang.StringEscapeUtilsTest::testEscapeJavaScript
Lang-53,org.apache.commons.lang.time.DateUtilsTest::testRoundLang346
Lang-46,org.apache.commons.lang.StringEscapeUtilsTest::testEscapeJavaWithSlash
Lang-50,"org.apache.commons.lang.time.FastDateFormatTest::test_changeDefault_Locale_DateInstance, org.apache.commons.lang.time.FastDateFormatTest::test_changeDefault_Locale_DateTimeInstance"
Lang-51,org.apache.commons.lang.BooleanUtilsTest::test_toBoolean_String
Lang-49,org.apache.commons.lang.math.FractionTest::testReduce
Lang-54,org.apache.commons.lang.LocaleUtilsTest::testLang328
Lang-57,"org.apache.commons.lang.LocaleUtilsTest::testAvailableLocaleSet, org.apache.commons.lang.LocaleUtilsTest::testIsAvailableLocale, org.apache.commons.lang.LocaleUtilsTest::testAvailableLocaleList, org.apache.commons.lang.LocaleUtilsTest::testCountriesByLanguage, org.apache.commons.lang.LocaleUtilsTest::testLocaleLookupList_LocaleLocale, org.apache.commons.lang.LocaleUtilsTest::testLanguagesByCountry, org.apache.commons.lang.LocaleUtilsTest::testToLocale_1Part, org.apache.commons.lang.LocaleUtilsTest::testToLocale_2Part, org.apache.commons.lang.LocaleUtilsTest::testToLocale_3Part, org.apache.commons.lang.LocaleUtilsTest::testLocaleLookupList_Locale, org.apache.commons.lang.LocaleUtilsTest::testConstructor"
Lang-58,org.apache.commons.lang.math.NumberUtilsTest::testLang300
Lang-56,org.apache.commons.lang.time.FastDateFormatTest::testLang303
Lang-64,org.apache.commons.lang.enums.ValuedEnumTest::testCompareTo_otherEnumType
Lang-55,org.apache.commons.lang.time.StopWatchTest::testLang315
Lang-59,org.apache.commons.lang.text.StrBuilderAppendInsertTest::testLang299
Lang-62,org.apache.commons.lang.EntitiesTest::testNumberOverflow
Lang-60,org.apache.commons.lang.text.StrBuilderTest::testLang295
Lang-61,"org.apache.commons.lang.text.StrBuilderTest::testIndexOfLang294, org.apache.commons.lang.text.StrBuilderTest::testLang294"
Lang-63,org.apache.commons.lang.time.DurationFormatUtilsTest::testJiraLang281
Lang-65,org.apache.commons.lang.time.DateUtilsTest::testTruncateLang59
Math-2,org.apache.commons.math3.distribution.HypergeometricDistributionTest::testMath1021
Math-1,"org.apache.commons.math3.fraction.BigFractionTest::testDigitLimitConstructor, org.apache.commons.math3.fraction.FractionTest::testDigitLimitConstructor"
Math-3,org.apache.commons.math3.util.MathArraysTest::testLinearCombinationWithSingleElementArray
Math-5,org.apache.commons.math3.complex.ComplexTest::testReciprocalZero
Math-8,org.apache.commons.math3.distribution.DiscreteRealDistributionTest::testIssue942
Math-11,org.apache.commons.math3.distribution.MultivariateNormalDistributionTest::testUnivariateDistribution
Math-6,"org.apache.commons.math3.optim.nonlinear.scalar.gradient.NonLinearConjugateGradientOptimizerTest::testTrivial, org.apache.commons.math3.optim.nonlinear.scalar.noderiv.CMAESOptimizerTest::testConstrainedRosen, org.apache.commons.math3.optim.nonlinear.scalar.noderiv.CMAESOptimizerTest::testElliRotated, org.apache.commons.math3.optim.nonlinear.scalar.noderiv.CMAESOptimizerTest::testEllipse, org.apache.commons.math3.optim.nonlinear.scalar.noderiv.CMAESOptimizerTest::testTwoAxes, org.apache.commons.math3.optim.nonlinear.scalar.noderiv.CMAESOptimizerTest::testCigar, org.apache.commons.math3.optim.nonlinear.scalar.noderiv.CMAESOptimizerTest::testRosen, org.apache.commons.math3.optim.nonlinear.scalar.noderiv.CMAESOptimizerTest::testRastrigin, org.apache.commons.math3.optim.nonlinear.scalar.noderiv.CMAESOptimizerTest::testDiagonalRosen, org.apache.commons.math3.optim.nonlinear.scalar.noderiv.CMAESOptimizerTest::testSsDiffPow, org.apache.commons.math3.optim.nonlinear.scalar.noderiv.CMAESOptimizerTest::testMaximize, org.apache.commons.math3.optim.nonlinear.scalar.noderiv.CMAESOptimizerTest::testAckley, org.apache.commons.math3.optim.nonlinear.scalar.noderiv.CMAESOptimizerTest::testCigTab, org.apache.commons.math3.optim.nonlinear.scalar.noderiv.CMAESOptimizerTest::testDiffPow, org.apache.commons.math3.optim.nonlinear.scalar.noderiv.CMAESOptimizerTest::testSphere, org.apache.commons.math3.optim.nonlinear.scalar.noderiv.CMAESOptimizerTest::testTablet, org.apache.commons.math3.optim.nonlinear.scalar.noderiv.CMAESOptimizerTest::testCigarWithBoundaries, org.apache.commons.math3.optim.nonlinear.scalar.noderiv.PowellOptimizerTest::testSumSinc, org.apache.commons.math3.optim.nonlinear.scalar.noderiv.SimplexOptimizerMultiDirectionalTest::testMaximize1, org.apache.commons.math3.optim.nonlinear.scalar.noderiv.SimplexOptimizerMultiDirectionalTest::testMaximize2, org.apache.commons.math3.optim.nonlinear.scalar.noderiv.SimplexOptimizerMultiDirectionalTest::testMinimize1, org.apache.commons.math3.optim.nonlinear.scalar.noderiv.SimplexOptimizerMultiDirectionalTest::testMinimize2, org.apache.commons.math3.optim.nonlinear.scalar.noderiv.SimplexOptimizerNelderMeadTest::testMaximize1, org.apache.commons.math3.optim.nonlinear.scalar.noderiv.SimplexOptimizerNelderMeadTest::testMaximize2, org.apache.commons.math3.optim.nonlinear.scalar.noderiv.SimplexOptimizerNelderMeadTest::testMinimize1, org.apache.commons.math3.optim.nonlinear.scalar.noderiv.SimplexOptimizerNelderMeadTest::testMinimize2, org.apache.commons.math3.optim.nonlinear.vector.jacobian.GaussNewtonOptimizerTest::testGetIterations, org.apache.commons.math3.optim.nonlinear.vector.jacobian.LevenbergMarquardtOptimizerTest::testGetIterations"
Math-10,org.apache.commons.math3.analysis.differentiation.DerivativeStructureTest::testAtan2SpecialCases
Math-7,org.apache.commons.math3.ode.nonstiff.DormandPrince853IntegratorTest::testEventsScheduling
Math-12,"org.apache.commons.math3.distribution.GammaDistributionTest::testDistributionClone, org.apache.commons.math3.distribution.LogNormalDistributionTest::testDistributionClone, org.apache.commons.math3.distribution.NormalDistributionTest::testDistributionClone"
Math-9,org.apache.commons.math3.geometry.euclidean.threed.LineTest::testRevert
Math-4,"org.apache.commons.math3.geometry.euclidean.threed.SubLineTest::testIntersectionNotIntersecting, org.apache.commons.math3.geometry.euclidean.twod.SubLineTest::testIntersectionParallel"
Math-13,org.apache.commons.math3.optimization.fitting.PolynomialFitterTest::testLargeSample
Math-14,org.apache.commons.math3.fitting.PolynomialFitterTest::testLargeSample
Math-15,org.apache.commons.math3.util.FastMathTest::testMath904
Math-17,org.apache.commons.math3.dfp.DfpTest::testMultiply
Math-22,"org.apache.commons.math3.distribution.FDistributionTest::testIsSupportLowerBoundInclusive, org.apache.commons.math3.distribution.UniformRealDistributionTest::testIsSupportUpperBoundInclusive"
Math-16,"org.apache.commons.math3.util.FastMathTest::testMath905LargePositive, org.apache.commons.math3.util.FastMathTest::testMath905LargeNegative"
Math-18,org.apache.commons.math3.optimization.direct.CMAESOptimizerTest::testFitAccuracyDependsOnBoundary
Math-20,org.apache.commons.math3.optimization.direct.CMAESOptimizerTest::testMath864
Math-19,org.apache.commons.math3.optimization.direct.CMAESOptimizerTest::testBoundaryRangeTooLarge
Math-23,org.apache.commons.math3.optimization.univariate.BrentOptimizerTest::testKeepInitIfBest
Math-21,"org.apache.commons.math3.linear.RectangularCholeskyDecompositionTest::testMath789, org.apache.commons.math3.linear.RectangularCholeskyDecompositionTest::testFullRank"
Math-24,org.apache.commons.math3.optimization.univariate.BrentOptimizerTest::testMath855
Math-30,org.apache.commons.math3.stat.inference.MannWhitneyUTestTest::testBigDataSet
Math-25,org.apache.commons.math3.optimization.fitting.HarmonicFitterTest::testMath844
Math-26,org.apache.commons.math3.fraction.FractionTest::testIntegerOverflow
Math-27,org.apache.commons.math3.fraction.FractionTest::testMath835
Math-29,"org.apache.commons.math3.linear.SparseRealVectorTest::testEbeDivideMixedTypes, org.apache.commons.math3.linear.SparseRealVectorTest::testEbeMultiplyMixedTypes, org.apache.commons.math3.linear.SparseRealVectorTest::testEbeMultiplySameType"
Math-28,org.apache.commons.math3.optimization.linear.SimplexSolverTest::testMath828Cycle
Math-31,"org.apache.commons.math3.distribution.BinomialDistributionTest::testMath718, org.apache.commons.math3.distribution.FDistributionTest::testMath785"
Math-32,org.apache.commons.math3.geometry.euclidean.threed.PolyhedronsSetTest::testIssue780
Math-35,"org.apache.commons.math3.genetics.ElitisticListPopulationTest::testChromosomeListConstructorTooLow, org.apache.commons.math3.genetics.ElitisticListPopulationTest::testConstructorTooHigh, org.apache.commons.math3.genetics.ElitisticListPopulationTest::testConstructorTooLow, org.apache.commons.math3.genetics.ElitisticListPopulationTest::testChromosomeListConstructorTooHigh"
Math-33,org.apache.commons.math3.optimization.linear.SimplexSolverTest::testMath781
Math-37,"org.apache.commons.math.complex.ComplexTest::testTanhInf, org.apache.commons.math.complex.ComplexTest::testTan, org.apache.commons.math.complex.ComplexTest::testTanh, org.apache.commons.math.complex.ComplexTest::testTanInf"
Math-34,org.apache.commons.math3.genetics.ListPopulationTest::testIterator
Math-40,org.apache.commons.math.analysis.solvers.BracketingNthOrderBrentSolverTest::testIssue716
Math-38,org.apache.commons.math.optimization.direct.BOBYQAOptimizerTest::testConstrainedRosenWithMoreInterpolationPoints
Math-39,org.apache.commons.math.ode.nonstiff.DormandPrince853IntegratorTest::testTooLargeFirstStep
Math-36,"org.apache.commons.math.fraction.BigFractionTest::testFloatValueForLargeNumeratorAndDenominator, org.apache.commons.math.fraction.BigFractionTest::testDoubleValueForLargeNumeratorAndDenominator"
Math-42,org.apache.commons.math.optimization.linear.SimplexSolverTest::testMath713NegativeVariable
Math-41,org.apache.commons.math.stat.descriptive.moment.VarianceTest::testEvaluateArraySegmentWeighted
Math-44,org.apache.commons.math.ode.events.EventStateTest::testIssue695
Math-43,"org.apache.commons.math.stat.descriptive.SummaryStatisticsTest::testOverrideMeanWithMathClass, org.apache.commons.math.stat.descriptive.SummaryStatisticsTest::testOverrideGeoMeanWithMathClass, org.apache.commons.math.stat.descriptive.SummaryStatisticsTest::testOverrideVarianceWithMathClass, org.apache.commons.math.stat.descriptive.SynchronizedSummaryStatisticsTest::testOverrideMeanWithMathClass, org.apache.commons.math.stat.descriptive.SynchronizedSummaryStatisticsTest::testOverrideGeoMeanWithMathClass, org.apache.commons.math.stat.descriptive.SynchronizedSummaryStatisticsTest::testOverrideVarianceWithMathClass"
Math-47,"org.apache.commons.math.complex.ComplexTest::testAtanI, org.apache.commons.math.complex.ComplexTest::testDivideZero"
Math-48,org.apache.commons.math.analysis.solvers.RegulaFalsiSolverTest::testIssue631
Math-50,org.apache.commons.math.analysis.solvers.RegulaFalsiSolverTest::testIssue631
Math-49,org.apache.commons.math.linear.SparseRealVectorTest::testConcurrentModification
Math-46,"org.apache.commons.math.complex.ComplexTest::testAtanI, org.apache.commons.math.complex.ComplexTest::testDivideZero"
Math-45,org.apache.commons.math.linear.OpenMapRealMatrixTest::testMath679
Math-51,org.apache.commons.math.analysis.solvers.RegulaFalsiSolverTest::testIssue631
Math-58,org.apache.commons.math.optimization.fitting.GaussianFitterTest::testMath519
Math-59,org.apache.commons.math.util.FastMathTest::testMinMaxFloat
Math-57,org.apache.commons.math.stat.clustering.KMeansPlusPlusClustererTest::testSmallDistances
Math-53,org.apache.commons.math.complex.ComplexTest::testAddNaN
Math-61,org.apache.commons.math.distribution.PoissonDistributionTest::testMean
Math-55,org.apache.commons.math.geometry.Vector3DTest::testCrossProductCancellation
Math-60,org.apache.commons.math.distribution.NormalDistributionTest::testExtremeValues
Math-54,org.apache.commons.math.dfp.DfpTest::testIssue567
Math-56,org.apache.commons.math.util.MultidimensionalCounterTest::testIterationConsistency
Math-52,org.apache.commons.math.geometry.euclidean.threed.RotationTest::testIssue639
Math-63,org.apache.commons.math.util.MathUtilsTest::testArrayEquals
Math-62,org.apache.commons.math.optimization.univariate.MultiStartUnivariateRealOptimizerTest::testQuinticMin
Math-66,"org.apache.commons.math.optimization.MultiStartUnivariateRealOptimizerTest::testQuinticMin, org.apache.commons.math.optimization.MultiStartUnivariateRealOptimizerTest::testSinMin, org.apache.commons.math.optimization.univariate.BrentOptimizerTest::testQuinticMinStatistics, org.apache.commons.math.optimization.univariate.BrentOptimizerTest::testSinMin"
Math-65,org.apache.commons.math.optimization.general.LevenbergMarquardtOptimizerTest::testCircleFitting
Math-64,"org.apache.commons.math.optimization.general.MinpackTest::testMinpackJennrichSampson, org.apache.commons.math.optimization.general.MinpackTest::testMinpackFreudensteinRoth"
Math-70,org.apache.commons.math.analysis.solvers.BisectionSolverTest::testMath369
Math-68,"org.apache.commons.math.optimization.general.MinpackTest::testMinpackJennrichSampson, org.apache.commons.math.optimization.general.MinpackTest::testMinpackFreudensteinRoth"
Math-69,"org.apache.commons.math.stat.correlation.PearsonsCorrelationTest::testPValueNearZero, org.apache.commons.math.stat.correlation.SpearmansRankCorrelationTest::testPValueNearZero"
Math-71,"org.apache.commons.math.ode.nonstiff.ClassicalRungeKuttaIntegratorTest::testMissedEndEvent, org.apache.commons.math.ode.nonstiff.DormandPrince853IntegratorTest::testMissedEndEvent"
Math-72,org.apache.commons.math.analysis.solvers.BrentSolverTest::testRootEndpoints
Math-67,org.apache.commons.math.optimization.MultiStartUnivariateRealOptimizerTest::testQuinticMin
Math-73,org.apache.commons.math.analysis.solvers.BrentSolverTest::testBadEndpoints
Math-74,org.apache.commons.math.ode.nonstiff.AdamsMoultonIntegratorTest::polynomial
Math-75,org.apache.commons.math.stat.FrequencyTest::testPcts
Math-77,"org.apache.commons.math.linear.ArrayRealVectorTest::testBasicFunctions, org.apache.commons.math.linear.SparseRealVectorTest::testBasicFunctions"
Math-82,org.apache.commons.math.optimization.linear.SimplexSolverTest::testMath288
Math-76,"org.apache.commons.math.linear.SingularValueSolverTest::testMath320A, org.apache.commons.math.linear.SingularValueSolverTest::testMath320B"
Math-84,"org.apache.commons.math.optimization.direct.MultiDirectionalTest::testMinimizeMaximize, org.apache.commons.math.optimization.direct.MultiDirectionalTest::testMath283"
Math-81,org.apache.commons.math.linear.EigenDecompositionImplTest::testMath308
Math-80,org.apache.commons.math.linear.EigenDecompositionImplTest::testMathpbx02
Math-78,org.apache.commons.math.ode.events.EventStateTest::closeEvents
Math-83,org.apache.commons.math.optimization.linear.SimplexSolverTest::testMath286
Math-79,org.apache.commons.math.stat.clustering.KMeansPlusPlusClustererTest::testPerformClusterAnalysisDegenerate
Math-85,org.apache.commons.math.distribution.NormalDistributionTest::testMath280
Math-89,org.apache.commons.math.stat.FrequencyTest::testAddNonComparable
Math-87,org.apache.commons.math.optimization.linear.SimplexSolverTest::testSingleVariableAndConstraint
Math-86,"org.apache.commons.math.linear.CholeskyDecompositionImplTest::testMath274, org.apache.commons.math.linear.CholeskyDecompositionImplTest::testNotPositiveDefinite"
Math-88,org.apache.commons.math.optimization.linear.SimplexSolverTest::testMath272
Math-91,org.apache.commons.math.fraction.FractionTest::testCompareTo
Math-93,org.apache.commons.math.util.MathUtilsTest::testFactorial
Math-95,org.apache.commons.math.distribution.FDistributionTest::testSmallDegreesOfFreedom
Math-94,org.apache.commons.math.util.MathUtilsTest::testGcd
Math-90,org.apache.commons.math.stat.FrequencyTest::testAddNonComparable
Math-96,org.apache.commons.math.complex.ComplexTest::testMath221
Math-92,org.apache.commons.math.util.MathUtilsTest::testBinomialCoefficientLarge
Math-98,"org.apache.commons.math.linear.BigMatrixImplTest::testMath209, org.apache.commons.math.linear.RealMatrixImplTest::testMath209"
Math-101,"org.apache.commons.math.complex.ComplexFormatTest::testForgottenImaginaryCharacter, org.apache.commons.math.complex.FrenchComplexFormatTest::testForgottenImaginaryCharacter"
Math-105,org.apache.commons.math.stat.regression.SimpleRegressionTest::testSSENonNegative
Math-104,org.apache.commons.math.special.GammaTest::testRegularizedGammaPositivePositive
Math-97,org.apache.commons.math.analysis.BrentSolverTest::testRootEndpoints
Math-100,org.apache.commons.math.estimation.GaussNewtonEstimatorTest::testBoundParameters
Math-103,org.apache.commons.math.distribution.NormalDistributionTest::testExtremeValues
Math-102,"org.apache.commons.math.stat.inference.ChiSquareFactoryTest::testChiSquareLargeTestStatistic, org.apache.commons.math.stat.inference.ChiSquareFactoryTest::testChiSquare, org.apache.commons.math.stat.inference.ChiSquareTestTest::testChiSquareLargeTestStatistic, org.apache.commons.math.stat.inference.ChiSquareTestTest::testChiSquare, org.apache.commons.math.stat.inference.TestUtilsTest::testChiSquareLargeTestStatistic, org.apache.commons.math.stat.inference.TestUtilsTest::testChiSquare"
Math-99,"org.apache.commons.math.util.MathUtilsTest::testGcd, org.apache.commons.math.util.MathUtilsTest::testLcm"
Math-106,org.apache.commons.math.fraction.FractionFormatTest::testParseProperInvalidMinus
Mockito-3,"org.mockito.internal.invocation.InvocationMatcherTest::should_capture_varargs_as_vararg, org.mockitousage.bugs.varargs.VarargsAndAnyObjectPicksUpExtraInvocationsTest::shouldVerifyCorrectlyNumberOfInvocationsWithVarargs, org.mockitousage.bugs.varargs.VarargsNotPlayingWithAnyObjectTest::shouldMatchAnyVararg, org.mockitousage.matchers.CapturingArgumentsTest::should_capture_all_vararg, org.mockitousage.matchers.CapturingArgumentsTest::captures_correctly_when_captor_used_multiple_times, org.mockitousage.matchers.CapturingArgumentsTest::should_capture_vararg, org.mockitousage.matchers.CapturingArgumentsTest::captures_correctly_when_captor_used_on_pure_vararg_method, org.mockitousage.matchers.CapturingArgumentsTest::should_capture_byte_vararg_by_creating_captor_with_primitive_wrapper, org.mockitousage.matchers.CapturingArgumentsTest::should_capture_byte_vararg_by_creating_captor_with_primitive"
Mockito-2,"org.mockito.internal.util.TimerTest::should_throw_friendly_reminder_exception_when_duration_is_negative, org.mockito.verification.NegativeDurationTest::should_throw_exception_when_duration_is_negative_for_timeout_method, org.mockito.verification.NegativeDurationTest::should_throw_exception_when_duration_is_negative_for_after_method"
Mockito-1,"org.mockito.internal.invocation.InvocationMatcherTest::should_capture_arguments_when_args_count_does_NOT_match, org.mockito.internal.util.reflection.FieldInitializerTest::can_instantiate_class_with_parameterized_constructor, org.mockito.internal.util.reflection.ParameterizedConstructorInstantiatorTest::should_report_failure_if_constructor_throws_exception, org.mockito.internal.util.reflection.ParameterizedConstructorInstantiatorTest::should_fail_if_an_argument_instance_type_do_not_match_wanted_type, org.mockito.internal.util.reflection.ParameterizedConstructorInstantiatorTest::should_instantiate_type_with_vararg_constructor, org.mockito.internal.util.reflection.ParameterizedConstructorInstantiatorTest::should_instantiate_type_if_resolver_provide_matching_types, org.mockitousage.basicapi.ResetTest::shouldRemoveAllStubbing, org.mockitousage.basicapi.UsingVarargsTest::shouldVerifyWithNullVarArgArray, org.mockitousage.basicapi.UsingVarargsTest::shouldVerifyWithAnyObject, org.mockitousage.basicapi.UsingVarargsTest::shouldStubBooleanVarargs, org.mockitousage.basicapi.UsingVarargsTest::shouldMatchEasilyEmptyVararg, org.mockitousage.basicapi.UsingVarargsTest::shouldVerifyBooleanVarargs, org.mockitousage.basicapi.UsingVarargsTest::shouldStubCorrectlyWhenMixedVarargsUsed, org.mockitousage.basicapi.UsingVarargsTest::shouldStubStringVarargs, org.mockitousage.basicapi.UsingVarargsTest::shouldStubCorrectlyWhenDoubleStringAndMixedVarargsUsed, org.mockitousage.basicapi.UsingVarargsTest::shouldVerifyStringVarargs, org.mockitousage.basicapi.UsingVarargsTest::shouldVerifyObjectVarargs, org.mockitousage.bugs.VarargsErrorWhenCallingRealMethodTest::shouldNotThrowAnyException, org.mockitousage.bugs.varargs.VarargsAndAnyObjectPicksUpExtraInvocationsTest::shouldVerifyCorrectlyWithAnyVarargs, org.mockitousage.bugs.varargs.VarargsAndAnyObjectPicksUpExtraInvocationsTest::shouldVerifyCorrectlyNumberOfInvocationsUsingAnyVarargAndEqualArgument, org.mockitousage.bugs.varargs.VarargsNotPlayingWithAnyObjectTest::shouldStubUsingAnyVarargs, org.mockitousage.matchers.VerificationAndStubbingUsingMatchersTest::shouldVerifyUsingMatchers, org.mockitousage.stubbing.BasicStubbingTest::test_stub_only_not_verifiable, org.mockitousage.stubbing.BasicStubbingTest::should_evaluate_latest_stubbing_first, org.mockitousage.stubbing.DeprecatedStubbingTest::shouldEvaluateLatestStubbingFirst, org.mockitousage.verification.VerificationInOrderMixedWithOrdiraryVerificationTest::shouldUseEqualsToVerifyMethodVarargs"
Mockito-7,org.mockitousage.bugs.deepstubs.DeepStubFailingWhenGenricNestedAsRawTypeTest::discoverDeepMockingOfGenerics
Mockito-4,"org.mockito.exceptions.ReporterTest::can_use_print_mock_name_even_when_mock_bogus_default_answer_and_when_reporting_no_more_interaction_wanted_in_order, org.mockito.exceptions.ReporterTest::can_use_print_mock_name_even_when_mock_bogus_default_answer_and_when_reporting_injection_failure, org.mockito.exceptions.ReporterTest::can_use_mock_name_even_when_mock_bogus_default_answer_and_when_reporting_no_more_interaction_wanted, org.mockitousage.bugs.ClassCastExOnVerifyZeroInteractionsTest::should_not_throw_a_ClassCastException"
Mockito-11,"org.mockito.internal.creation.DelegatingMethodTest::equals_should_return_true_when_equal, org.mockito.internal.creation.DelegatingMethodTest::equals_should_return_true_when_self"
Mockito-10,org.mockitousage.bugs.DeepStubsWronglyReportsSerializationProblemsTest::should_not_raise_a_mockito_exception_about_serialization_when_accessing_deep_stub
Mockito-5,org.mockitointegration.NoJUnitDependenciesTest::pure_mockito_should_not_depend_JUnit
Mockito-6,"org.mockitousage.matchers.AnyXMatchersAcceptNullsTest::shouldNotAcceptNullInAllAnyPrimitiveWrapperMatchers, org.mockitousage.matchers.AnyXMatchersAcceptNullsTest::shouldNotAcceptNullInAnyXMatchers, org.mockitousage.matchers.MatchersTest::anyStringMatcher, org.mockitousage.matchers.NewMatchersTest::shouldAllowAnyCollection, org.mockitousage.matchers.NewMatchersTest::shouldAllowAnyList, org.mockitousage.matchers.NewMatchersTest::shouldAllowAnyMap, org.mockitousage.matchers.NewMatchersTest::shouldAllowAnySet"
Mockito-9,"org.mockitousage.constructor.CreatingMocksWithConstructorTest::abstractMethodStubbed, org.mockitousage.constructor.CreatingMocksWithConstructorTest::testCallsRealInterfaceMethod, org.mockitousage.constructor.CreatingMocksWithConstructorTest::abstractMethodReturnsDefault"
Mockito-8,org.mockito.internal.util.reflection.GenericMetadataSupportTest::typeVariable_of_self_type
Mockito-16,org.mockitousage.bugs.StubbingMocksThatAreConfiguredToReturnMocksTest::shouldAllowStubbingMocksConfiguredWithRETURNS_MOCKS
Mockito-15,org.mockitousage.bugs.InjectMocksShouldTryPropertySettersFirstBeforeFieldAccessTest::shouldInjectUsingPropertySetterIfAvailable
Mockito-14,org.mockitousage.bugs.VerifyingWithAnExtraCallToADifferentMockTest::shouldAllowVerifyingWhenOtherMockCallIsInTheSameLine
Mockito-12,"org.mockito.internal.util.reflection.GenericMasterTest::shouldDealWithNestedGenerics, org.mockitousage.annotation.CaptorAnnotationBasicTest::shouldUseAnnotatedCaptor, org.mockitousage.annotation.CaptorAnnotationBasicTest::shouldUseCaptorInOrdinaryWay, org.mockitousage.annotation.CaptorAnnotationBasicTest::shouldCaptureGenericList, org.mockitousage.annotation.CaptorAnnotationBasicTest::shouldUseGenericlessAnnotatedCaptor, org.mockitousage.annotation.CaptorAnnotationTest::shouldScreamWhenWrongTypeForCaptor, org.mockitousage.annotation.CaptorAnnotationTest::testNormalUsage, org.mockitousage.annotation.CaptorAnnotationTest::shouldScreamWhenMoreThanOneMockitoAnnotaton, org.mockitousage.annotation.CaptorAnnotationTest::shouldScreamWhenInitializingCaptorsForNullClass, org.mockitousage.annotation.CaptorAnnotationTest::shouldLookForAnnotatedCaptorsInSuperClasses"
Mockito-13,org.mockitousage.bugs.VerifyingWithAnExtraCallToADifferentMockTest::shouldAllowVerifyingWhenOtherMockCallIsInTheSameLine
Mockito-17,org.mockitousage.basicapi.MocksSerializationTest::shouldBeSerializeAndHaveExtraInterfaces
Mockito-18,org.mockito.internal.stubbing.defaultanswers.ReturnsEmptyValuesTest::should_return_empty_iterable
Mockito-22,org.mockito.internal.matchers.EqualityTest::shouldKnowIfObjectsAreEqual
Mockito-20,"org.mockitousage.annotation.SpyAnnotationTest::should_spy_inner_class, org.mockitousage.annotation.SpyAnnotationTest::should_report_when_constructor_is_explosive, org.mockitousage.constructor.CreatingMocksWithConstructorTest::can_spy_abstract_classes, org.mockitousage.constructor.CreatingMocksWithConstructorTest::exception_message_when_constructor_not_found, org.mockitousage.constructor.CreatingMocksWithConstructorTest::can_create_mock_with_constructor, org.mockitousage.constructor.CreatingMocksWithConstructorTest::can_mock_inner_classes, org.mockitousage.constructor.CreatingMocksWithConstructorTest::mocking_inner_classes_with_wrong_outer_instance, org.mockitousage.constructor.CreatingMocksWithConstructorTest::can_mock_abstract_classes"
Mockito-19,org.mockitousage.annotation.MockInjectionUsingSetterOrPropertyTest::shouldInsertFieldWithCorrectNameWhenMultipleTypesAvailable
Mockito-21,org.mockito.internal.creation.instance.ConstructorInstantiatorTest::creates_instances_of_inner_classes
Mockito-23,org.mockitousage.stubbing.DeepStubsSerializableTest::should_serialize_and_deserialize_mock_created_by_deep_stubs
Mockito-28,org.mockitousage.bugs.InjectionByTypeShouldFirstLookForExactTypeThenAncestorTest::mock_should_be_injected_once_and_in_the_best_matching_type
Mockito-24,"org.mockito.internal.stubbing.defaultanswers.ReturnsEmptyValuesTest::should_return_zero_if_mock_is_compared_to_itself, org.mockitousage.bugs.ShouldMocksCompareToBeConsistentWithEqualsTest::should_compare_to_be_consistent_with_equals_when_comparing_the_same_reference"
Mockito-29,org.mockitousage.bugs.NPEWithCertainMatchersTest::shouldNotThrowNPEWhenNullPassedToSame
Mockito-25,"org.mockito.internal.stubbing.defaultanswers.ReturnsGenericDeepStubsTest::will_return_default_value_on_non_mockable_nested_generic, org.mockito.internal.stubbing.defaultanswers.ReturnsGenericDeepStubsTest::can_create_mock_from_multiple_type_variable_bounds_when_return_type_of_parameterized_method_is_a_typevar_that_is_referencing_a_typevar_on_class, org.mockito.internal.stubbing.defaultanswers.ReturnsGenericDeepStubsTest::can_create_mock_from_return_types_declared_with_a_bounded_wildcard, org.mockito.internal.stubbing.defaultanswers.ReturnsGenericDeepStubsTest::can_create_mock_from_multiple_type_variable_bounds_when_return_type_of_parameterized_method_is_a_parameterizedtype_that_is_referencing_a_typevar_on_class, org.mockito.internal.stubbing.defaultanswers.ReturnsGenericDeepStubsTest::generic_deep_mock_frenzy__look_at_these_chained_calls, org.mockito.internal.stubbing.defaultanswers.ReturnsGenericDeepStubsTest::can_create_mock_from_multiple_type_variable_bounds_when_method_return_type_is_referencing_a_typevar_on_class"
Mockito-27,org.mockitousage.bugs.ListenersLostOnResetMockTest::listener
Mockito-26,"org.mockito.internal.progress.HandyReturnValuesTest::should_default_values_for_primitive, org.mockito.internal.stubbing.defaultanswers.ReturnsEmptyValuesTest::should_return_primitive, org.mockito.internal.stubbing.defaultanswers.ReturnsMocksTest::should_return_the_usual_default_values_for_primitives, org.mockito.internal.stubbing.defaultanswers.ReturnsSmartNullsTest::should_return_the_usual_default_values_for_primitives"
Mockito-32,org.mockitousage.bugs.SpyShouldHaveNiceNameTest::shouldPrintNiceName
Mockito-31,org.mockito.internal.stubbing.defaultanswers.ReturnsSmartNullsTest::shouldPrintTheParametersWhenCallingAMethodWithArgs
Mockito-34,"org.mockito.internal.invocation.InvocationMatcherTest::shouldMatchCaptureArgumentsWhenArgsCountDoesNOTMatch, org.mockitousage.basicapi.UsingVarargsTest::shouldMatchEasilyEmptyVararg"
Mockito-36,"org.mockito.internal.invocation.InvocationTest::shouldScreamWhenCallingRealMethodOnInterface, org.mockitousage.spies.SpyingOnInterfacesTest::shouldFailInRuntimeWhenCallingRealMethodOnInterface"
Mockito-33,"org.mockitousage.bugs.InheritedGenericsPolimorphicCallTest::shouldStubbingWork, org.mockitousage.bugs.InheritedGenericsPolimorphicCallTest::shouldVerificationWorks"
Mockito-35,"org.mockitousage.bugs.NPEWithCertainMatchersTest::shouldNotThrowNPEWhenIntPassed, org.mockitousage.bugs.NPEWithCertainMatchersTest::shouldNotThrowNPEWhenIntegerPassed, org.mockitousage.bugs.NPEWithCertainMatchersTest::shouldNotThrowNPEWhenIntegerPassedToEq, org.mockitousage.bugs.NPEWithCertainMatchersTest::shouldNotThrowNPEWhenIntegerPassedToSame"
Mockito-30,org.mockito.internal.stubbing.defaultanswers.ReturnsSmartNullsTest::shouldPrintTheParametersOnSmartNullPointerExceptionMessage
Mockito-38,"org.mockito.internal.verification.argumentmatching.ArgumentMatchingToolTest::shouldWorkFineWhenGivenArgIsNull, org.mockitousage.bugs.ActualInvocationHasNullArgumentNPEBugTest::shouldAllowPassingNullArgument"
Time-5,"org.joda.time.TestPeriod_Basics::testNormalizedStandard_periodType_months1, org.joda.time.TestPeriod_Basics::testNormalizedStandard_periodType_months2, org.joda.time.TestPeriod_Basics::testNormalizedStandard_periodType_monthsWeeks"
Time-3,"org.joda.time.TestMutableDateTime_Adds::testAddYears_int_dstOverlapWinter_addZero, org.joda.time.TestMutableDateTime_Adds::testAddDays_int_dstOverlapWinter_addZero, org.joda.time.TestMutableDateTime_Adds::testAddWeeks_int_dstOverlapWinter_addZero, org.joda.time.TestMutableDateTime_Adds::testAdd_DurationFieldType_int_dstOverlapWinter_addZero, org.joda.time.TestMutableDateTime_Adds::testAddMonths_int_dstOverlapWinter_addZero"
Time-1,org.joda.time.TestPartial_Constructors::testConstructorEx7_TypeArray_intArray
Time-4,org.joda.time.TestPartial_Basics::testWith3
Mockito-37,"org.mockito.internal.stubbing.answers.AnswersValidatorTest::shouldFailWhenCallingRealMethodOnIterface, org.mockitousage.spies.SpyingOnInterfacesTest::shouldFailFastWhenCallingRealMethodOnInterface"
Time-2,org.joda.time.TestPartial_Basics::testWith_baseAndArgHaveNoRange
Time-8,org.joda.time.TestDateTimeZone::testForOffsetHoursMinutes_int_int
Time-6,"org.joda.time.chrono.TestGJDate::test_cutoverPreZero, org.joda.time.chrono.TestGJDate::test_plusWeekyears_positiveToNegative_crossCutover, org.joda.time.chrono.TestGJDate::test_plusYears_positiveToZero_crossCutover, org.joda.time.chrono.TestGJDate::test_plusYears_positiveToNegative_crossCutover, org.joda.time.chrono.TestGJDate::test_plusWeekyears_positiveToZero_crossCutover"
Time-7,"org.joda.time.format.TestDateTimeFormatter::testParseInto_monthDay_feb29_newYork_startOfYear, org.joda.time.format.TestDateTimeFormatter::testParseInto_monthDay_feb29_tokyo_endOfYear"
Time-9,org.joda.time.TestDateTimeZone::testForOffsetHoursMinutes_int_int
Time-10,"org.joda.time.TestDays::testFactory_daysBetween_RPartial_MonthDay, org.joda.time.TestMonths::testFactory_monthsBetween_RPartial_MonthDay"
Time-12,"org.joda.time.TestLocalDateTime_Constructors::testFactory_fromDateFields_beforeYearZero1, org.joda.time.TestLocalDateTime_Constructors::testFactory_fromDateFields_beforeYearZero3, org.joda.time.TestLocalDateTime_Constructors::testFactory_fromCalendarFields_beforeYearZero1, org.joda.time.TestLocalDateTime_Constructors::testFactory_fromCalendarFields_beforeYearZero3, org.joda.time.TestLocalDate_Constructors::testFactory_fromDateFields_beforeYearZero1, org.joda.time.TestLocalDate_Constructors::testFactory_fromDateFields_beforeYearZero3, org.joda.time.TestLocalDate_Constructors::testFactory_fromCalendarFields_beforeYearZero1, org.joda.time.TestLocalDate_Constructors::testFactory_fromCalendarFields_beforeYearZero3"
Time-11,org.joda.time.tz.TestCompiler::testDateTimeZoneBuilder
Time-14,"org.joda.time.TestMonthDay_Basics::testPlusMonths_int_negativeFromLeap, org.joda.time.TestMonthDay_Basics::testMinusDays_int_negativeFromLeap, org.joda.time.TestMonthDay_Basics::testPlusMonths_int_fromLeap, org.joda.time.TestMonthDay_Basics::testPlusMonths_int_negativeEndOfMonthAdjust, org.joda.time.TestMonthDay_Basics::testMinusMonths_int_endOfMonthAdjust, org.joda.time.TestMonthDay_Basics::testMinusMonths_int_negativeFromLeap, org.joda.time.TestMonthDay_Basics::testMinusMonths_int_fromLeap, org.joda.time.TestMonthDay_Basics::testPlusDays_int_fromLeap"
Time-13,org.joda.time.format.TestISOPeriodFormat::testFormatStandard_negative
Time-15,org.joda.time.field.TestFieldUtils::testSafeMultiplyLongInt
Time-17,org.joda.time.TestDateTimeZoneCutover::testBug3476684_adjustOffset
Time-16,"org.joda.time.format.TestDateTimeFormatter::testParseInto_monthOnly_baseStartYear, org.joda.time.format.TestDateTimeFormatter::testParseInto_monthOnly_parseStartYear, org.joda.time.format.TestDateTimeFormatter::testParseInto_monthOnly_baseEndYear, org.joda.time.format.TestDateTimeFormatter::testParseInto_monthOnly, org.joda.time.format.TestDateTimeFormatter::testParseInto_monthDay_withDefaultYear_feb29, org.joda.time.format.TestDateTimeFormatter::testParseInto_monthDay_feb29, org.joda.time.format.TestDateTimeFormatter::testParseInto_monthOnly_parseEndYear"
Time-20,org.joda.time.format.TestDateTimeFormatterBuilder::test_printParseZoneDawsonCreek
Time-18,org.joda.time.chrono.TestGJChronology::testLeapYearRulesConstruction
Time-19,org.joda.time.TestDateTimeZoneCutover::testDateTimeCreation_london
Time-21,"org.joda.time.TestDateTimeZone::testGetName_berlin, org.joda.time.TestDateTimeZone::testGetShortName_berlin"
Time-22,"org.joda.time.TestDuration_Basics::testToPeriod_fixedZone, org.joda.time.TestPeriod_Constructors::testConstructor_long_fixedZone"
Time-23,org.joda.time.TestDateTimeZone::testForID_String_old
Time-25,"org.joda.time.TestDateTimeZoneCutover::test_DateTime_constructor_Moscow_Autumn, org.joda.time.TestDateTimeZoneCutover::test_getOffsetFromLocal_Moscow_Autumn_overlap_mins, org.joda.time.TestDateTimeZoneCutover::test_getOffsetFromLocal_Moscow_Autumn"
Time-26,"org.joda.time.TestDateTimeZoneCutover::testWithSecondOfMinuteInDstChange, org.joda.time.TestDateTimeZoneCutover::testWithMinuteOfHourInDstChange, org.joda.time.TestDateTimeZoneCutover::testWithMinuteOfHourInDstChange_mockZone, org.joda.time.TestDateTimeZoneCutover::testBug2182444_usCentral, org.joda.time.TestDateTimeZoneCutover::testWithMillisOfSecondInDstChange_Paris_summer, org.joda.time.TestDateTimeZoneCutover::testWithHourOfDayInDstChange, org.joda.time.TestDateTimeZoneCutover::testWithMillisOfSecondInDstChange_NewYork_winter, org.joda.time.TestDateTimeZoneCutover::testBug2182444_ausNSW"
Time-24,"org.joda.time.format.TestDateTimeFormatter::testParseLocalDate_weekyear_month_week_2010, org.joda.time.format.TestDateTimeFormatter::testParseLocalDate_weekyear_month_week_2011, org.joda.time.format.TestDateTimeFormatter::testParseLocalDate_weekyear_month_week_2012, org.joda.time.format.TestDateTimeFormatter::testParseLocalDate_year_month_week_2010, org.joda.time.format.TestDateTimeFormatter::testParseLocalDate_year_month_week_2011, org.joda.time.format.TestDateTimeFormatter::testParseLocalDate_year_month_week_2012, org.joda.time.format.TestDateTimeFormatter::testParseLocalDate_year_month_week_2016"
Time-27,org.joda.time.format.TestPeriodFormatterBuilder::testBug2495455
